Dataset_id,cta_scdeepsort,cta_scdeepsort_best_yaml,cta_scdeepsort_best_res,cta_scdeepsort_run_stats,cta_scdeepsort_check,cta_scdeepsort_step2_best_yaml,cta_scdeepsort_step2_best_res,cta_singlecellnet,cta_singlecellnet_best_yaml,cta_singlecellnet_best_res,cta_singlecellnet_run_stats,cta_singlecellnet_check,cta_singlecellnet_step2_best_yaml,cta_singlecellnet_step2_best_res
fa27492b-82ff-4ab7-ac61-0e2b184eee67(Lung),"step2:https://wandb.ai/xzy11632/dance-dev/sweeps/31p1jl13|step3:https://wandb.ai/xzy11632/dance-dev/sweeps/jv0qygxw,https://wandb.ai/xzy11632/dance-dev/sweeps/3k1x4ael,https://wandb.ai/xzy11632/dance-dev/sweeps/0drfyazl","- type: filter.gene
  target: FilterGenesPlaceHolder
  params: {}
- type: normalize
  target: ScaleFeature
  params: {}
- type: filter.gene
  target: FilterGenesTopK
  params:
    num_genes: 3000
- type: feature.cell
  params:
    out: feature.cell
    log_level: INFO
    split_name: train
  target: WeightedFeatureSVD
- type: graph.cell
  target: CellFeatureGraph
  params:
    cell_feature_channel: feature.cell
- type: misc
  target: SetConfig
  params:
    config_dict:
      label_channel: cell_type
",0.4790000021457672,all_total_runs:210|all_finished_runs:173|step2_total_runs:150|step2_finished_runs:120|step3_0_total_runs:20|step3_0_finished_runs:20|step3_1_total_runs:20|step3_1_finished_runs:18|step3_2_total_runs:20|step3_2_finished_runs:15|finished_rate:82.38%,False,"- type: filter.gene
  target: FilterGenesPlaceHolder
  params: {}
- type: normalize
  target: ScaleFeature
  params: {}
- type: filter.gene
  target: FilterGenesTopK
  params:
    num_genes: 3000
- type: feature.cell
  params:
    out: feature.cell
    log_level: INFO
    split_name: train
  target: WeightedFeatureSVD
- type: graph.cell
  target: CellFeatureGraph
  params:
    cell_feature_channel: feature.cell
- type: misc
  target: SetConfig
  params:
    config_dict:
      label_channel: cell_type
",0.4790000021457672,"step2:https://wandb.ai/xzy11632/dance-dev/sweeps/umip8col|step3:https://wandb.ai/xzy11632/dance-dev/sweeps/8rbu9tz5,https://wandb.ai/xzy11632/dance-dev/sweeps/s2x3klie,https://wandb.ai/xzy11632/dance-dev/sweeps/xq1tygx9","- type: filter.gene
  target: FilterGenesPercentile
  params: {}
- type: normalize
  target: NormalizePlaceHolder
  params: {}
- type: filter.gene
  target: FilterGenesRegression
  params:
    num_genes: 3000
- type: feature.cell
  target: SCNFeature
- type: misc
  target: SetConfig
  params:
    config_dict:
      feature_channel: SCNFeature
      label_channel: cell_type
",0.486,all_total_runs:150|all_finished_runs:111|step2_total_runs:90|step2_finished_runs:56|step3_0_total_runs:20|step3_0_finished_runs:18|step3_1_total_runs:20|step3_1_finished_runs:17|step3_2_total_runs:20|step3_2_finished_runs:20|finished_rate:74.00%,False,"- type: filter.gene
  target: FilterGenesPercentile
  params: {}
- type: normalize
  target: NormalizePlaceHolder
  params: {}
- type: filter.gene
  target: FilterGenesRegression
  params:
    num_genes: 3000
- type: feature.cell
  target: SCNFeature
- type: misc
  target: SetConfig
  params:
    config_dict:
      feature_channel: SCNFeature
      label_channel: cell_type
",0.486
f72958f5-7f42-4ebb-98da-445b0c6de516,"step2:https://wandb.ai/xzy11632/dance-dev/sweeps/u66vt0zy|step3:https://wandb.ai/xzy11632/dance-dev/sweeps/0e4fl2ig,https://wandb.ai/xzy11632/dance-dev/sweeps/26t9dcb3,https://wandb.ai/xzy11632/dance-dev/sweeps/6er1nf7y","- type: filter.gene
  target: FilterGenesPlaceHolder
  params: {}
- type: normalize
  target: ScaleFeature
  params: {}
- type: filter.gene
  target: FilterGenesTopK
  params:
    num_genes: 3000
- type: feature.cell
  params:
    out: feature.cell
    log_level: INFO
    split_name: train
  target: WeightedFeatureSVD
- type: graph.cell
  target: CellFeatureGraph
  params:
    cell_feature_channel: feature.cell
- type: misc
  target: SetConfig
  params:
    config_dict:
      label_channel: cell_type
",0.30799999833106995,all_total_runs:225|all_finished_runs:180|step2_total_runs:150|step2_finished_runs:118|step3_0_total_runs:35|step3_0_finished_runs:26|step3_1_total_runs:20|step3_1_finished_runs:19|step3_2_total_runs:20|step3_2_finished_runs:17|finished_rate:80.00%,False,"- type: filter.gene
  target: FilterGenesPlaceHolder
  params: {}
- type: normalize
  target: ScaleFeature
  params: {}
- type: filter.gene
  target: FilterGenesTopK
  params:
    num_genes: 3000
- type: feature.cell
  params:
    out: feature.cell
    log_level: INFO
    split_name: train
  target: WeightedFeatureSVD
- type: graph.cell
  target: CellFeatureGraph
  params:
    cell_feature_channel: feature.cell
- type: misc
  target: SetConfig
  params:
    config_dict:
      label_channel: cell_type
",0.30799999833106995,"step2:https://wandb.ai/xzy11632/dance-dev/sweeps/sa0zrzyh|step3:https://wandb.ai/xzy11632/dance-dev/sweeps/ddp05p3y,https://wandb.ai/xzy11632/dance-dev/sweeps/4n5kvy4f,https://wandb.ai/xzy11632/dance-dev/sweeps/4nw3qvss","- type: filter.gene
  target: FilterGenesPlaceHolder
- type: normalize
  target: NormalizeTotal
  params:
    target_sum: 1000
    max_fraction: 0.05
- type: filter.gene
  target: FilterGenesNumberPlaceHolder
- type: feature.cell
  target: SCNFeature
- type: misc
  target: SetConfig
  params:
    config_dict:
      feature_channel: SCNFeature
      label_channel: cell_type
",0.306,all_total_runs:150|all_finished_runs:106|step2_total_runs:90|step2_finished_runs:66|step3_0_total_runs:20|step3_0_finished_runs:19|step3_1_total_runs:20|step3_1_finished_runs:20|step3_2_total_runs:20|step3_2_finished_runs:1|finished_rate:70.67%,False,"- type: filter.gene
  target: FilterGenesPlaceHolder
  params: {}
- type: normalize
  target: NormalizeTotal
  params: {}
- type: filter.gene
  target: FilterGenesNumberPlaceHolder
  params: {}
- type: feature.cell
  target: SCNFeature
- type: misc
  target: SetConfig
  params:
    config_dict:
      feature_channel: SCNFeature
      label_channel: cell_type
",0.3055
3de0ad6d-4378-4f62-b37b-ec0b75a50d94,"step2:https://wandb.ai/xzy11632/dance-dev/sweeps/cztlwh8l|step3:https://wandb.ai/xzy11632/dance-dev/sweeps/xnekcm5a,https://wandb.ai/xzy11632/dance-dev/sweeps/92k8gjvn,https://wandb.ai/xzy11632/dance-dev/sweeps/ebwccpe0","- type: filter.gene
  target: FilterGenesPlaceHolder
  params: {}
- type: normalize
  target: ScaleFeature
  params: {}
- type: filter.gene
  target: FilterGenesRegression
  params:
    num_genes: 3000
- type: feature.cell
  params:
    out: feature.cell
    log_level: INFO
    split_name: train
  target: WeightedFeaturePCA
- type: graph.cell
  target: CellFeatureGraph
  params:
    cell_feature_channel: feature.cell
- type: misc
  target: SetConfig
  params:
    config_dict:
      label_channel: cell_type
",0.1770000010728836,all_total_runs:211|all_finished_runs:157|step2_total_runs:150|step2_finished_runs:120|step3_0_total_runs:21|step3_0_finished_runs:17|step3_1_total_runs:20|step3_1_finished_runs:0|step3_2_total_runs:20|step3_2_finished_runs:20|finished_rate:74.41%,False,"- type: filter.gene
  target: FilterGenesPlaceHolder
  params: {}
- type: normalize
  target: ScaleFeature
  params: {}
- type: filter.gene
  target: FilterGenesRegression
  params:
    num_genes: 3000
- type: feature.cell
  params:
    out: feature.cell
    log_level: INFO
    split_name: train
  target: WeightedFeaturePCA
- type: graph.cell
  target: CellFeatureGraph
  params:
    cell_feature_channel: feature.cell
- type: misc
  target: SetConfig
  params:
    config_dict:
      label_channel: cell_type
",0.1770000010728836,"step2:https://wandb.ai/xzy11632/dance-dev/sweeps/ya45i0hj|step3:https://wandb.ai/xzy11632/dance-dev/sweeps/txt2fqri,https://wandb.ai/xzy11632/dance-dev/sweeps/eartlz9g,https://wandb.ai/xzy11632/dance-dev/sweeps/4q91ab4x","- type: filter.gene
  target: FilterGenesScanpyOrder
  params:
    order:
    - min_cells
    - min_counts
    - max_cells
    - max_counts
    min_counts: 154
    min_cells: 0.007759793169660634
    max_counts: 0.9471824565588984
    max_cells: 0.977680030415662
- type: normalize
  target: Log1P
  params:
    base: 5.73752690176084
- type: filter.gene
  target: HighlyVariableGenesRawCount
  params:
    n_top_genes: 7401
    span: 0.5600576148418653
- type: feature.cell
  target: SCNFeature
- type: misc
  target: SetConfig
  params:
    config_dict:
      feature_channel: SCNFeature
      label_channel: cell_type
",0.168,all_total_runs:150|all_finished_runs:99|step2_total_runs:90|step2_finished_runs:60|step3_0_total_runs:20|step3_0_finished_runs:19|step3_1_total_runs:20|step3_1_finished_runs:1|step3_2_total_runs:20|step3_2_finished_runs:19|finished_rate:66.00%,False,"- type: filter.gene
  target: FilterGenesScanpyOrder
  params:
    order:
    - min_counts
    - min_cells
    - max_counts
    - max_cells
    min_counts: 0.01
    max_counts: 0.99
    min_cells: 0.01
    max_cells: 0.99
- type: normalize
  target: NormalizeTotal
  params: {}
- type: filter.gene
  target: FilterGenesRegression
  params:
    num_genes: 3000
- type: feature.cell
  target: SCNFeature
- type: misc
  target: SetConfig
  params:
    config_dict:
      feature_channel: SCNFeature
      label_channel: cell_type
",0.167
1e5bd3b8-6a0e-4959-8d69-cafed30fe814,"step2:https://wandb.ai/xzy11632/dance-dev/sweeps/gvzf9hvu|step3:https://wandb.ai/xzy11632/dance-dev/sweeps/xn6gkyue,https://wandb.ai/xzy11632/dance-dev/sweeps/wohspkph,https://wandb.ai/xzy11632/dance-dev/sweeps/0es2sjqj","- type: filter.gene
  target: FilterGenesPercentile
  params:
    min_val: 4
    max_val: 99
    mode: cv
- type: normalize
  target: ScaleFeature
  params:
    mode: standardize
    eps: 0.5
- type: filter.gene
  target: HighlyVariableGenesLogarithmizedByTopGenes
  params:
    n_top_genes: 3133
    n_bins: 25
    flavor: cell_ranger
- type: feature.cell
  target: WeightedFeaturePCA
  params:
    out: feature.cell
    log_level: INFO
    n_components: 327
    feat_norm_mode: l2
- type: graph.cell
  target: CellFeatureGraph
  params:
    cell_feature_channel: feature.cell
- type: misc
  target: SetConfig
  params:
    config_dict:
      label_channel: cell_type
",0.35850000381469727,all_total_runs:210|all_finished_runs:168|step2_total_runs:150|step2_finished_runs:120|step3_0_total_runs:20|step3_0_finished_runs:17|step3_1_total_runs:20|step3_1_finished_runs:18|step3_2_total_runs:20|step3_2_finished_runs:13|finished_rate:80.00%,False,"- type: filter.gene
  target: FilterGenesScanpyOrder
  params:
    order:
    - min_counts
    - min_cells
    - max_counts
    - max_cells
    min_counts: 0.01
    max_counts: 0.99
    min_cells: 0.01
    max_cells: 0.99
- type: normalize
  target: ScaleFeature
  params: {}
- type: filter.gene
  target: HighlyVariableGenesLogarithmizedByTopGenes
  params:
    n_top_genes: 3000
- type: feature.cell
  params:
    out: feature.cell
    log_level: INFO
    split_name: train
  target: WeightedFeatureSVD
- type: graph.cell
  target: CellFeatureGraph
  params:
    cell_feature_channel: feature.cell
- type: misc
  target: SetConfig
  params:
    config_dict:
      label_channel: cell_type
",0.3569999933242798,"step2:https://wandb.ai/xzy11632/dance-dev/sweeps/fk9bgw6i|step3:https://wandb.ai/xzy11632/dance-dev/sweeps/u9bvksor,https://wandb.ai/xzy11632/dance-dev/sweeps/y6np5hym,https://wandb.ai/xzy11632/dance-dev/sweeps/a2uwktag","- type: filter.gene
  target: FilterGenesPlaceHolder
- type: normalize
  target: NormalizeTotal
  params:
    target_sum: 1000
    max_fraction: 1
- type: filter.gene
  target: HighlyVariableGenesRawCount
  params:
    n_top_genes: 3405
    span: 0.1243084522697208
- type: feature.cell
  target: SCNFeature
- type: misc
  target: SetConfig
  params:
    config_dict:
      feature_channel: SCNFeature
      label_channel: cell_type
",0.343,all_total_runs:150|all_finished_runs:94|step2_total_runs:90|step2_finished_runs:56|step3_0_total_runs:20|step3_0_finished_runs:18|step3_1_total_runs:20|step3_1_finished_runs:0|step3_2_total_runs:20|step3_2_finished_runs:20|finished_rate:62.67%,False,"- type: filter.gene
  target: FilterGenesPlaceHolder
  params: {}
- type: normalize
  target: NormalizeTotal
  params: {}
- type: filter.gene
  target: HighlyVariableGenesRawCount
  params:
    n_top_genes: 3000
- type: feature.cell
  target: SCNFeature
- type: misc
  target: SetConfig
  params:
    config_dict:
      feature_channel: SCNFeature
      label_channel: cell_type
",0.34
4ed927e9-c099-49af-b8ce-a2652d069333(Lung),"step2:https://wandb.ai/xzy11632/dance-dev/sweeps/up1qmjf2|step3:https://wandb.ai/xzy11632/dance-dev/sweeps/xlh552ry,https://wandb.ai/xzy11632/dance-dev/sweeps/w64bnq3j,https://wandb.ai/xzy11632/dance-dev/sweeps/t7nbjgz0","- type: filter.gene
  target: FilterGenesPercentile
  params:
    min_val: 1
    max_val: 95
    mode: cv
- type: normalize
  target: ScaleFeature
  params:
    mode: normalize
    eps: -1
- type: filter.gene
  target: HighlyVariableGenesRawCount
  params:
    n_top_genes: 9736
    span: 0.25241821131495124
- type: feature.cell
  target: WeightedFeaturePCA
  params:
    out: feature.cell
    log_level: INFO
    n_components: 891
    feat_norm_mode: minmax
- type: graph.cell
  target: CellFeatureGraph
  params:
    cell_feature_channel: feature.cell
- type: misc
  target: SetConfig
  params:
    config_dict:
      label_channel: cell_type
",0.6175000071525574,all_total_runs:220|all_finished_runs:184|step2_total_runs:150|step2_finished_runs:120|step3_0_total_runs:20|step3_0_finished_runs:19|step3_1_total_runs:40|step3_1_finished_runs:35|step3_2_total_runs:10|step3_2_finished_runs:10|finished_rate:83.64%,False,"- type: filter.gene
  target: FilterGenesScanpyOrder
  params:
    order:
    - min_counts
    - min_cells
    - max_counts
    - max_cells
    min_counts: 0.01
    max_counts: 0.99
    min_cells: 0.01
    max_cells: 0.99
- type: normalize
  target: ScaleFeature
  params: {}
- type: filter.gene
  target: HighlyVariableGenesRawCount
  params:
    n_top_genes: 3000
- type: feature.cell
  params:
    out: feature.cell
    log_level: INFO
    split_name: train
  target: WeightedFeatureSVD
- type: graph.cell
  target: CellFeatureGraph
  params:
    cell_feature_channel: feature.cell
- type: misc
  target: SetConfig
  params:
    config_dict:
      label_channel: cell_type
",0.6169999837875366,"step2:https://wandb.ai/xzy11632/dance-dev/sweeps/3d1v8h2t|step3:https://wandb.ai/xzy11632/dance-dev/sweeps/c1w0za8n,https://wandb.ai/xzy11632/dance-dev/sweeps/6bzf7x2w,https://wandb.ai/xzy11632/dance-dev/sweeps/28wpkbwl","- type: filter.gene
  target: FilterGenesScanpyOrder
  params:
    order:
    - min_counts
    - min_cells
    - max_counts
    - max_cells
    min_counts: 0.01
    max_counts: 0.99
    min_cells: 0.01
    max_cells: 0.99
- type: normalize
  target: Log1P
  params: {}
- type: filter.gene
  target: FilterGenesNumberPlaceHolder
  params: {}
- type: feature.cell
  target: SCNFeature
- type: misc
  target: SetConfig
  params:
    config_dict:
      feature_channel: SCNFeature
      label_channel: cell_type
",0.6425,all_total_runs:150|all_finished_runs:109|step2_total_runs:90|step2_finished_runs:54|step3_0_total_runs:20|step3_0_finished_runs:18|step3_1_total_runs:20|step3_1_finished_runs:18|step3_2_total_runs:20|step3_2_finished_runs:19|finished_rate:72.67%,False,"- type: filter.gene
  target: FilterGenesScanpyOrder
  params:
    order:
    - min_counts
    - min_cells
    - max_counts
    - max_cells
    min_counts: 0.01
    max_counts: 0.99
    min_cells: 0.01
    max_cells: 0.99
- type: normalize
  target: Log1P
  params: {}
- type: filter.gene
  target: FilterGenesNumberPlaceHolder
  params: {}
- type: feature.cell
  target: SCNFeature
- type: misc
  target: SetConfig
  params:
    config_dict:
      feature_channel: SCNFeature
      label_channel: cell_type
",0.6425
01209dce-3575-4bed-b1df-129f57fbc031(Lung),"step2:https://wandb.ai/xzy11632/dance-dev/sweeps/bhc72mqi|step3:https://wandb.ai/xzy11632/dance-dev/sweeps/bvgh7gu1,https://wandb.ai/xzy11632/dance-dev/sweeps/oyrg3g50,https://wandb.ai/xzy11632/dance-dev/sweeps/yazhk2wh","- type: filter.gene
  target: FilterGenesPercentile
  params:
    min_val: 8
    max_val: 98
    mode: sum
- type: normalize
  target: Log1P
  params:
    base: 2.3999362085689735
- type: filter.gene
  target: HighlyVariableGenesRawCount
  params:
    n_top_genes: 2774
    span: 0.14012171784395563
- type: feature.cell
  target: WeightedFeaturePCA
  params:
    out: feature.cell
    log_level: INFO
    n_components: 143
    feat_norm_mode: l2
- type: graph.cell
  target: CellFeatureGraph
  params:
    cell_feature_channel: feature.cell
- type: misc
  target: SetConfig
  params:
    config_dict:
      label_channel: cell_type
",0.30799999833106995,all_total_runs:210|all_finished_runs:180|step2_total_runs:150|step2_finished_runs:120|step3_0_total_runs:20|step3_0_finished_runs:20|step3_1_total_runs:20|step3_1_finished_runs:20|step3_2_total_runs:20|step3_2_finished_runs:20|finished_rate:85.71%,False,"- type: filter.gene
  target: FilterGenesPlaceHolder
  params: {}
- type: normalize
  target: NormalizePlaceHolder
  params: {}
- type: filter.gene
  target: FilterGenesRegression
  params:
    num_genes: 3000
- type: feature.cell
  params:
    out: feature.cell
    log_level: INFO
    split_name: train
  target: WeightedFeatureSVD
- type: graph.cell
  target: CellFeatureGraph
  params:
    cell_feature_channel: feature.cell
- type: misc
  target: SetConfig
  params:
    config_dict:
      label_channel: cell_type
",0.304500013589859,"step2:https://wandb.ai/xzy11632/dance-dev/sweeps/wyv759w9|step3:https://wandb.ai/xzy11632/dance-dev/sweeps/shkhipgt,https://wandb.ai/xzy11632/dance-dev/sweeps/fkgincu3,https://wandb.ai/xzy11632/dance-dev/sweeps/2ai1maaq","- type: filter.gene
  target: FilterGenesScanpyOrder
  params:
    order:
    - min_cells
    - min_counts
    - max_cells
    - max_counts
    min_counts: 268
    min_cells: 0.09282122792071212
    max_counts: 0.9111506923231292
    max_cells: 0.9791784429304778
- type: normalize
  target: NormalizeTotal
  params:
    target_sum: null
    max_fraction: 0.7
- type: filter.gene
  target: HighlyVariableGenesRawCount
  params:
    n_top_genes: 2846
    span: 0.4736431293720086
- type: feature.cell
  target: SCNFeature
- type: misc
  target: SetConfig
  params:
    config_dict:
      feature_channel: SCNFeature
      label_channel: cell_type
",0.289,all_total_runs:150|all_finished_runs:112|step2_total_runs:90|step2_finished_runs:53|step3_0_total_runs:20|step3_0_finished_runs:20|step3_1_total_runs:20|step3_1_finished_runs:20|step3_2_total_runs:20|step3_2_finished_runs:19|finished_rate:74.67%,False,"- type: filter.gene
  target: FilterGenesScanpyOrder
  params:
    order:
    - min_counts
    - min_cells
    - max_counts
    - max_cells
    min_counts: 0.01
    max_counts: 0.99
    min_cells: 0.01
    max_cells: 0.99
- type: normalize
  target: NormalizeTotal
  params: {}
- type: filter.gene
  target: HighlyVariableGenesRawCount
  params:
    n_top_genes: 3000
- type: feature.cell
  target: SCNFeature
- type: misc
  target: SetConfig
  params:
    config_dict:
      feature_channel: SCNFeature
      label_channel: cell_type
",0.2835
c5d88abe-f23a-45fa-a534-788985e93dad(Lung),"step2:https://wandb.ai/xzy11632/dance-dev/sweeps/0nyymfuu|step3:https://wandb.ai/xzy11632/dance-dev/sweeps/2pkvz50m,https://wandb.ai/xzy11632/dance-dev/sweeps/f08kfu41,https://wandb.ai/xzy11632/dance-dev/sweeps/hqrfqchi","- type: filter.gene
  target: FilterGenesScanpyOrder
  params:
    order:
    - min_counts
    - min_cells
    - max_counts
    - max_cells
    min_counts: 0.01
    max_counts: 0.99
    min_cells: 0.01
    max_cells: 0.99
- type: normalize
  target: ScaleFeature
  params: {}
- type: filter.gene
  target: HighlyVariableGenesRawCount
  params:
    n_top_genes: 3000
- type: feature.cell
  params:
    out: feature.cell
    log_level: INFO
    split_name: train
  target: WeightedFeatureSVD
- type: graph.cell
  target: CellFeatureGraph
  params:
    cell_feature_channel: feature.cell
- type: misc
  target: SetConfig
  params:
    config_dict:
      label_channel: cell_type
",0.6800000071525574,all_total_runs:210|all_finished_runs:147|step2_total_runs:150|step2_finished_runs:112|step3_0_total_runs:20|step3_0_finished_runs:0|step3_1_total_runs:20|step3_1_finished_runs:18|step3_2_total_runs:20|step3_2_finished_runs:17|finished_rate:70.00%,False,"- type: filter.gene
  target: FilterGenesScanpyOrder
  params:
    order:
    - min_counts
    - min_cells
    - max_counts
    - max_cells
    min_counts: 0.01
    max_counts: 0.99
    min_cells: 0.01
    max_cells: 0.99
- type: normalize
  target: ScaleFeature
  params: {}
- type: filter.gene
  target: HighlyVariableGenesRawCount
  params:
    n_top_genes: 3000
- type: feature.cell
  params:
    out: feature.cell
    log_level: INFO
    split_name: train
  target: WeightedFeatureSVD
- type: graph.cell
  target: CellFeatureGraph
  params:
    cell_feature_channel: feature.cell
- type: misc
  target: SetConfig
  params:
    config_dict:
      label_channel: cell_type
",0.6800000071525574,"step2:https://wandb.ai/xzy11632/dance-dev/sweeps/9p8xgwaa|step3:https://wandb.ai/xzy11632/dance-dev/sweeps/mhdq21lf,https://wandb.ai/xzy11632/dance-dev/sweeps/n17pymb1,https://wandb.ai/xzy11632/dance-dev/sweeps/kpo3scgj","- type: filter.gene
  target: FilterGenesPlaceHolder
  params: {}
- type: normalize
  target: ScTransform
  params:
    processes_num: 8
- type: filter.gene
  target: FilterGenesRegression
  params:
    num_genes: 3000
- type: feature.cell
  target: SCNFeature
- type: misc
  target: SetConfig
  params:
    config_dict:
      feature_channel: SCNFeature
      label_channel: cell_type
",0.6965,all_total_runs:151|all_finished_runs:75|step2_total_runs:91|step2_finished_runs:74|step3_0_total_runs:20|step3_0_finished_runs:0|step3_1_total_runs:20|step3_1_finished_runs:0|step3_2_total_runs:20|step3_2_finished_runs:1|finished_rate:49.67%,True,"- type: filter.gene
  target: FilterGenesPlaceHolder
  params: {}
- type: normalize
  target: ScTransform
  params:
    processes_num: 8
- type: filter.gene
  target: FilterGenesRegression
  params:
    num_genes: 3000
- type: feature.cell
  target: SCNFeature
- type: misc
  target: SetConfig
  params:
    config_dict:
      feature_channel: SCNFeature
      label_channel: cell_type
",0.6965
9968be68-ab65-4a38-9e1a-c9b6abece194,"step2:https://wandb.ai/xzy11632/dance-dev/sweeps/be4nwgbf|step3:https://wandb.ai/xzy11632/dance-dev/sweeps/s51pse9z,https://wandb.ai/xzy11632/dance-dev/sweeps/x2q55wwy,https://wandb.ai/xzy11632/dance-dev/sweeps/1358q46s","- type: filter.gene
  target: FilterGenesScanpyOrder
  params:
    order:
    - min_counts
    - min_cells
    - max_counts
    - max_cells
    min_counts: 0.01
    max_counts: 0.99
    min_cells: 0.01
    max_cells: 0.99
- type: normalize
  target: ScaleFeature
  params: {}
- type: filter.gene
  target: HighlyVariableGenesRawCount
  params:
    n_top_genes: 3000
- type: feature.cell
  params:
    out: feature.cell
    log_level: INFO
    split_name: train
  target: WeightedFeatureSVD
- type: graph.cell
  target: CellFeatureGraph
  params:
    cell_feature_channel: feature.cell
- type: misc
  target: SetConfig
  params:
    config_dict:
      label_channel: cell_type
",0.6744999885559082,all_total_runs:210|all_finished_runs:177|step2_total_runs:150|step2_finished_runs:120|step3_0_total_runs:20|step3_0_finished_runs:17|step3_1_total_runs:20|step3_1_finished_runs:20|step3_2_total_runs:20|step3_2_finished_runs:20|finished_rate:84.29%,False,"- type: filter.gene
  target: FilterGenesScanpyOrder
  params:
    order:
    - min_counts
    - min_cells
    - max_counts
    - max_cells
    min_counts: 0.01
    max_counts: 0.99
    min_cells: 0.01
    max_cells: 0.99
- type: normalize
  target: ScaleFeature
  params: {}
- type: filter.gene
  target: HighlyVariableGenesRawCount
  params:
    n_top_genes: 3000
- type: feature.cell
  params:
    out: feature.cell
    log_level: INFO
    split_name: train
  target: WeightedFeatureSVD
- type: graph.cell
  target: CellFeatureGraph
  params:
    cell_feature_channel: feature.cell
- type: misc
  target: SetConfig
  params:
    config_dict:
      label_channel: cell_type
",0.6744999885559082,"step2:https://wandb.ai/xzy11632/dance-dev/sweeps/i6274vfx|step3:https://wandb.ai/xzy11632/dance-dev/sweeps/7dcfwbih,https://wandb.ai/xzy11632/dance-dev/sweeps/teou6ic8,https://wandb.ai/xzy11632/dance-dev/sweeps/b0q7l3ro","- type: filter.gene
  target: FilterGenesScanpyOrder
  params:
    order:
    - min_counts
    - min_cells
    - max_counts
    - max_cells
    min_counts: 0.01
    max_counts: 0.99
    min_cells: 0.01
    max_cells: 0.99
- type: normalize
  target: ScaleFeature
  params: {}
- type: filter.gene
  target: FilterGenesRegression
  params:
    num_genes: 3000
- type: feature.cell
  target: SCNFeature
- type: misc
  target: SetConfig
  params:
    config_dict:
      feature_channel: SCNFeature
      label_channel: cell_type
",0.6945,all_total_runs:150|all_finished_runs:107|step2_total_runs:90|step2_finished_runs:68|step3_0_total_runs:20|step3_0_finished_runs:19|step3_1_total_runs:20|step3_1_finished_runs:20|step3_2_total_runs:20|step3_2_finished_runs:0|finished_rate:71.33%,False,"- type: filter.gene
  target: FilterGenesScanpyOrder
  params:
    order:
    - min_counts
    - min_cells
    - max_counts
    - max_cells
    min_counts: 0.01
    max_counts: 0.99
    min_cells: 0.01
    max_cells: 0.99
- type: normalize
  target: ScaleFeature
  params: {}
- type: filter.gene
  target: FilterGenesRegression
  params:
    num_genes: 3000
- type: feature.cell
  target: SCNFeature
- type: misc
  target: SetConfig
  params:
    config_dict:
      feature_channel: SCNFeature
      label_channel: cell_type
",0.6945
1e6a6ef9-7ec9-4c90-bbfb-2ad3c3165fd1,,,,,,,,"step2:https://wandb.ai/xzy11632/dance-dev/sweeps/9c0qxaop|step3:https://wandb.ai/xzy11632/dance-dev/sweeps/cu25ez82,https://wandb.ai/xzy11632/dance-dev/sweeps/0gnr41ck,https://wandb.ai/xzy11632/dance-dev/sweeps/91zgl42j","- type: filter.gene
  target: FilterGenesPercentile
  params: {}
- type: normalize
  target: ScTransform
  params:
    processes_num: 8
- type: filter.gene
  target: HighlyVariableGenesLogarithmizedByMeanAndDisp
  params: {}
- type: feature.cell
  target: SCNFeature
- type: misc
  target: SetConfig
  params:
    config_dict:
      feature_channel: SCNFeature
      label_channel: cell_type
",0.1545,all_total_runs:150|all_finished_runs:92|step2_total_runs:90|step2_finished_runs:72|step3_0_total_runs:20|step3_0_finished_runs:1|step3_1_total_runs:20|step3_1_finished_runs:0|step3_2_total_runs:20|step3_2_finished_runs:19|finished_rate:61.33%,False,"- type: filter.gene
  target: FilterGenesPercentile
  params: {}
- type: normalize
  target: ScTransform
  params:
    processes_num: 8
- type: filter.gene
  target: HighlyVariableGenesLogarithmizedByMeanAndDisp
  params: {}
- type: feature.cell
  target: SCNFeature
- type: misc
  target: SetConfig
  params:
    config_dict:
      feature_channel: SCNFeature
      label_channel: cell_type
",0.1545
486486d4-9462-43e5-9249-eb43fa5a49a6,,,,,,,,"step2:https://wandb.ai/xzy11632/dance-dev/sweeps/949fx7i2|step3:https://wandb.ai/xzy11632/dance-dev/sweeps/48o2a3bp,https://wandb.ai/xzy11632/dance-dev/sweeps/rz2qkusr,https://wandb.ai/xzy11632/dance-dev/sweeps/0pyosaoa","- type: filter.gene
  target: FilterGenesScanpyOrder
  params:
    order:
    - min_counts
    - min_cells
    - max_counts
    - max_cells
    min_counts: 0.01
    max_counts: 0.99
    min_cells: 0.01
    max_cells: 0.99
- type: normalize
  target: ScTransform
  params:
    processes_num: 8
- type: filter.gene
  target: HighlyVariableGenesLogarithmizedByMeanAndDisp
  params: {}
- type: feature.cell
  target: SCNFeature
- type: misc
  target: SetConfig
  params:
    config_dict:
      feature_channel: SCNFeature
      label_channel: cell_type
",0.524,all_total_runs:150|all_finished_runs:72|step2_total_runs:90|step2_finished_runs:70|step3_0_total_runs:20|step3_0_finished_runs:1|step3_1_total_runs:20|step3_1_finished_runs:1|step3_2_total_runs:20|step3_2_finished_runs:0|finished_rate:48.00%,True,"- type: filter.gene
  target: FilterGenesScanpyOrder
  params:
    order:
    - min_counts
    - min_cells
    - max_counts
    - max_cells
    min_counts: 0.01
    max_counts: 0.99
    min_cells: 0.01
    max_cells: 0.99
- type: normalize
  target: ScTransform
  params:
    processes_num: 8
- type: filter.gene
  target: HighlyVariableGenesLogarithmizedByMeanAndDisp
  params: {}
- type: feature.cell
  target: SCNFeature
- type: misc
  target: SetConfig
  params:
    config_dict:
      feature_channel: SCNFeature
      label_channel: cell_type
",0.524
7b3368a5-c1a0-4973-9e75-d95b4150c7da,,,,,,,,"step2:https://wandb.ai/xzy11632/dance-dev/sweeps/llbot2wd|step3:https://wandb.ai/xzy11632/dance-dev/sweeps/7rwgizyg,https://wandb.ai/xzy11632/dance-dev/sweeps/f72tj8le,https://wandb.ai/xzy11632/dance-dev/sweeps/teurxxdt","- type: filter.gene
  target: FilterGenesScanpyOrder
  params:
    order:
    - min_counts
    - min_cells
    - max_counts
    - max_cells
    min_counts: 0.01
    max_counts: 0.99
    min_cells: 0.01
    max_cells: 0.99
- type: normalize
  target: Log1P
  params: {}
- type: filter.gene
  target: FilterGenesNumberPlaceHolder
  params: {}
- type: feature.cell
  target: SCNFeature
- type: misc
  target: SetConfig
  params:
    config_dict:
      feature_channel: SCNFeature
      label_channel: cell_type
",0.15458937198067632,all_total_runs:150|all_finished_runs:111|step2_total_runs:90|step2_finished_runs:72|step3_0_total_runs:20|step3_0_finished_runs:19|step3_1_total_runs:20|step3_1_finished_runs:0|step3_2_total_runs:20|step3_2_finished_runs:20|finished_rate:74.00%,False,"- type: filter.gene
  target: FilterGenesScanpyOrder
  params:
    order:
    - min_counts
    - min_cells
    - max_counts
    - max_cells
    min_counts: 0.01
    max_counts: 0.99
    min_cells: 0.01
    max_cells: 0.99
- type: normalize
  target: Log1P
  params: {}
- type: filter.gene
  target: FilterGenesNumberPlaceHolder
  params: {}
- type: feature.cell
  target: SCNFeature
- type: misc
  target: SetConfig
  params:
    config_dict:
      feature_channel: SCNFeature
      label_channel: cell_type
",0.15458937198067632
e04daea4-4412-45b5-989e-76a9be070a89,,,,,,,,"step2:https://wandb.ai/xzy11632/dance-dev/sweeps/0p7su6u6|step3:https://wandb.ai/xzy11632/dance-dev/sweeps/wglkhxfr,https://wandb.ai/xzy11632/dance-dev/sweeps/7wvua5jk,https://wandb.ai/xzy11632/dance-dev/sweeps/idsyyyng","- type: filter.gene
  target: FilterGenesPercentile
  params:
    min_val: 9
    max_val: 99
    mode: sum
- type: normalize
  target: ScaleFeature
  params:
    mode: standardize
    eps: -1
- type: filter.gene
  target: FilterGenesNumberPlaceHolder
- type: feature.cell
  target: SCNFeature
- type: misc
  target: SetConfig
  params:
    config_dict:
      feature_channel: SCNFeature
      label_channel: cell_type
",0.12009237875288684,all_total_runs:149|all_finished_runs:122|step2_total_runs:90|step2_finished_runs:64|step3_0_total_runs:20|step3_0_finished_runs:20|step3_1_total_runs:20|step3_1_finished_runs:19|step3_2_total_runs:19|step3_2_finished_runs:19|finished_rate:81.88%,False,"- type: filter.gene
  target: FilterGenesScanpyOrder
  params:
    order:
    - min_counts
    - min_cells
    - max_counts
    - max_cells
    min_counts: 0.01
    max_counts: 0.99
    min_cells: 0.01
    max_cells: 0.99
- type: normalize
  target: NormalizeTotal
  params: {}
- type: filter.gene
  target: FilterGenesNumberPlaceHolder
  params: {}
- type: feature.cell
  target: SCNFeature
- type: misc
  target: SetConfig
  params:
    config_dict:
      feature_channel: SCNFeature
      label_channel: cell_type
",0.11431870669745958
e9175006-8978-4417-939f-819855eab80e,,,,,,,,"step2:https://wandb.ai/xzy11632/dance-dev/sweeps/4hf1e1zt|step3:https://wandb.ai/xzy11632/dance-dev/sweeps/17uqbg1j,https://wandb.ai/xzy11632/dance-dev/sweeps/w8z7bp2m,https://wandb.ai/xzy11632/dance-dev/sweeps/609y6mnf","- type: filter.gene
  target: FilterGenesScanpyOrder
  params:
    order:
    - min_counts
    - min_cells
    - max_counts
    - max_cells
    min_counts: 0.01
    max_counts: 0.99
    min_cells: 0.01
    max_cells: 0.99
- type: normalize
  target: ScTransform
  params:
    processes_num: 8
- type: filter.gene
  target: HighlyVariableGenesLogarithmizedByMeanAndDisp
  params: {}
- type: feature.cell
  target: SCNFeature
- type: misc
  target: SetConfig
  params:
    config_dict:
      feature_channel: SCNFeature
      label_channel: cell_type
",0.8252427184466019,all_total_runs:150|all_finished_runs:75|step2_total_runs:90|step2_finished_runs:73|step3_0_total_runs:20|step3_0_finished_runs:1|step3_1_total_runs:20|step3_1_finished_runs:0|step3_2_total_runs:20|step3_2_finished_runs:1|finished_rate:50.00%,True,"- type: filter.gene
  target: FilterGenesScanpyOrder
  params:
    order:
    - min_counts
    - min_cells
    - max_counts
    - max_cells
    min_counts: 0.01
    max_counts: 0.99
    min_cells: 0.01
    max_cells: 0.99
- type: normalize
  target: ScTransform
  params:
    processes_num: 8
- type: filter.gene
  target: HighlyVariableGenesLogarithmizedByMeanAndDisp
  params: {}
- type: feature.cell
  target: SCNFeature
- type: misc
  target: SetConfig
  params:
    config_dict:
      feature_channel: SCNFeature
      label_channel: cell_type
",0.8252427184466019
0ba16f4b-cb87-4fa3-9363-19fc51eec6e7,,,,,,,,"step2:https://wandb.ai/xzy11632/dance-dev/sweeps/nzqxkwr2|step3:https://wandb.ai/xzy11632/dance-dev/sweeps/dxp2byqu,https://wandb.ai/xzy11632/dance-dev/sweeps/lkiksixl,https://wandb.ai/xzy11632/dance-dev/sweeps/txxkqm04","- type: filter.gene
  target: FilterGenesPlaceHolder
  params: {}
- type: normalize
  target: ScTransform
  params:
    processes_num: 8
- type: filter.gene
  target: FilterGenesRegression
  params:
    num_genes: 3000
- type: feature.cell
  target: SCNFeature
- type: misc
  target: SetConfig
  params:
    config_dict:
      feature_channel: SCNFeature
      label_channel: cell_type
",0.4014388489208633,all_total_runs:150|all_finished_runs:117|step2_total_runs:90|step2_finished_runs:75|step3_0_total_runs:20|step3_0_finished_runs:2|step3_1_total_runs:20|step3_1_finished_runs:20|step3_2_total_runs:20|step3_2_finished_runs:20|finished_rate:78.00%,False,"- type: filter.gene
  target: FilterGenesPlaceHolder
  params: {}
- type: normalize
  target: ScTransform
  params:
    processes_num: 8
- type: filter.gene
  target: FilterGenesRegression
  params:
    num_genes: 3000
- type: feature.cell
  target: SCNFeature
- type: misc
  target: SetConfig
  params:
    config_dict:
      feature_channel: SCNFeature
      label_channel: cell_type
",0.4014388489208633
a68b64d8-aee3-4947-81b7-36b8fe5a44d2(Lung),,,,,,,,"step2:https://wandb.ai/xzy11632/dance-dev/sweeps/ugznmank|step3:https://wandb.ai/xzy11632/dance-dev/sweeps/2zv9lzme,https://wandb.ai/xzy11632/dance-dev/sweeps/8ptyl7c3","- type: filter.gene
  target: FilterGenesPercentile
  params:
    min_val: 2
    max_val: 98
    mode: rv
- type: normalize
  target: NormalizePlaceHolder
- type: filter.gene
  target: FilterGenesNumberPlaceHolder
- type: feature.cell
  target: SCNFeature
- type: misc
  target: SetConfig
  params:
    config_dict:
      feature_channel: SCNFeature
      label_channel: cell_type
",0.36123348017621143,all_total_runs:130|all_finished_runs:105|step2_total_runs:90|step2_finished_runs:67|step3_0_total_runs:20|step3_0_finished_runs:20|step3_1_total_runs:20|step3_1_finished_runs:18|finished_rate:80.77%,False,"- type: filter.gene
  target: FilterGenesPlaceHolder
  params: {}
- type: normalize
  target: NormalizePlaceHolder
  params: {}
- type: filter.gene
  target: FilterGenesNumberPlaceHolder
  params: {}
- type: feature.cell
  target: SCNFeature
- type: misc
  target: SetConfig
  params:
    config_dict:
      feature_channel: SCNFeature
      label_channel: cell_type
",0.3303964757709251
8c42cfd0-0b0a-46d5-910c-fc833d83c45e,,,,,,,,"step2:https://wandb.ai/xzy11632/dance-dev/sweeps/bvhvfd0e|step3:https://wandb.ai/xzy11632/dance-dev/sweeps/r8kvjad3,https://wandb.ai/xzy11632/dance-dev/sweeps/2gztfme0,https://wandb.ai/xzy11632/dance-dev/sweeps/moka4ir1","- type: filter.gene
  target: FilterGenesScanpyOrder
  params:
    order:
    - min_counts
    - min_cells
    - max_counts
    - max_cells
    min_counts: 0.01
    max_counts: 0.99
    min_cells: 0.01
    max_cells: 0.99
- type: normalize
  target: ScTransform
  params:
    processes_num: 8
- type: filter.gene
  target: HighlyVariableGenesRawCount
  params:
    n_top_genes: 3000
- type: feature.cell
  target: SCNFeature
- type: misc
  target: SetConfig
  params:
    config_dict:
      feature_channel: SCNFeature
      label_channel: cell_type
",0.265,all_total_runs:149|all_finished_runs:113|step2_total_runs:90|step2_finished_runs:73|step3_0_total_runs:20|step3_0_finished_runs:1|step3_1_total_runs:19|step3_1_finished_runs:19|step3_2_total_runs:20|step3_2_finished_runs:20|finished_rate:75.84%,False,"- type: filter.gene
  target: FilterGenesScanpyOrder
  params:
    order:
    - min_counts
    - min_cells
    - max_counts
    - max_cells
    min_counts: 0.01
    max_counts: 0.99
    min_cells: 0.01
    max_cells: 0.99
- type: normalize
  target: ScTransform
  params:
    processes_num: 8
- type: filter.gene
  target: HighlyVariableGenesRawCount
  params:
    n_top_genes: 3000
- type: feature.cell
  target: SCNFeature
- type: misc
  target: SetConfig
  params:
    config_dict:
      feature_channel: SCNFeature
      label_channel: cell_type
",0.265
2adb1f8a-a6b1-4909-8ee8-484814e2d4bf(Lung),,,,,,,,"step2:https://wandb.ai/xzy11632/dance-dev/sweeps/8wu00rrs|step3:https://wandb.ai/xzy11632/dance-dev/sweeps/emkgdv7m,https://wandb.ai/xzy11632/dance-dev/sweeps/yz3ptmyb,https://wandb.ai/xzy11632/dance-dev/sweeps/8zpy4daf","- type: filter.gene
  target: FilterGenesPercentile
  params: {}
- type: normalize
  target: Log1P
  params: {}
- type: filter.gene
  target: FilterGenesNumberPlaceHolder
  params: {}
- type: feature.cell
  target: SCNFeature
- type: misc
  target: SetConfig
  params:
    config_dict:
      feature_channel: SCNFeature
      label_channel: cell_type
",0.2355,all_total_runs:150|all_finished_runs:118|step2_total_runs:90|step2_finished_runs:64|step3_0_total_runs:20|step3_0_finished_runs:20|step3_1_total_runs:20|step3_1_finished_runs:14|step3_2_total_runs:20|step3_2_finished_runs:20|finished_rate:78.67%,False,"- type: filter.gene
  target: FilterGenesPercentile
  params: {}
- type: normalize
  target: Log1P
  params: {}
- type: filter.gene
  target: FilterGenesNumberPlaceHolder
  params: {}
- type: feature.cell
  target: SCNFeature
- type: misc
  target: SetConfig
  params:
    config_dict:
      feature_channel: SCNFeature
      label_channel: cell_type
",0.2355
d8da613f-e681-4c69-b463-e94f5e66847f,,,,,,,,"step2:https://wandb.ai/xzy11632/dance-dev/sweeps/qpyso58s|step3:https://wandb.ai/xzy11632/dance-dev/sweeps/n9xhwciz,https://wandb.ai/xzy11632/dance-dev/sweeps/zb5fdqlj,https://wandb.ai/xzy11632/dance-dev/sweeps/gdl97dnb","- type: filter.gene
  target: FilterGenesPlaceHolder
  params: {}
- type: normalize
  target: ScTransform
  params:
    processes_num: 8
- type: filter.gene
  target: HighlyVariableGenesLogarithmizedByMeanAndDisp
  params: {}
- type: feature.cell
  target: SCNFeature
- type: misc
  target: SetConfig
  params:
    config_dict:
      feature_channel: SCNFeature
      label_channel: cell_type
",0.1705,all_total_runs:150|all_finished_runs:86|step2_total_runs:90|step2_finished_runs:65|step3_0_total_runs:20|step3_0_finished_runs:1|step3_1_total_runs:20|step3_1_finished_runs:0|step3_2_total_runs:20|step3_2_finished_runs:20|finished_rate:57.33%,True,"- type: filter.gene
  target: FilterGenesPlaceHolder
  params: {}
- type: normalize
  target: ScTransform
  params:
    processes_num: 8
- type: filter.gene
  target: HighlyVariableGenesLogarithmizedByMeanAndDisp
  params: {}
- type: feature.cell
  target: SCNFeature
- type: misc
  target: SetConfig
  params:
    config_dict:
      feature_channel: SCNFeature
      label_channel: cell_type
",0.1705
4023a2bc-6325-47db-bfdf-9639e91042c2,,,,,,,,"step2:https://wandb.ai/xzy11632/dance-dev/sweeps/s1tkaoyx|step3:https://wandb.ai/xzy11632/dance-dev/sweeps/48ud2zju,https://wandb.ai/xzy11632/dance-dev/sweeps/hvco0aoq,https://wandb.ai/xzy11632/dance-dev/sweeps/hab6rxge","- type: filter.gene
  target: FilterGenesScanpyOrder
  params:
    order:
    - min_counts
    - min_cells
    - max_counts
    - max_cells
    min_counts: 0.01
    max_counts: 0.99
    min_cells: 0.01
    max_cells: 0.99
- type: normalize
  target: ScTransform
  params:
    processes_num: 8
- type: filter.gene
  target: FilterGenesRegression
  params:
    num_genes: 3000
- type: feature.cell
  target: SCNFeature
- type: misc
  target: SetConfig
  params:
    config_dict:
      feature_channel: SCNFeature
      label_channel: cell_type
",0.65,all_total_runs:150|all_finished_runs:97|step2_total_runs:90|step2_finished_runs:75|step3_0_total_runs:20|step3_0_finished_runs:1|step3_1_total_runs:20|step3_1_finished_runs:20|step3_2_total_runs:20|step3_2_finished_runs:1|finished_rate:64.67%,False,"- type: filter.gene
  target: FilterGenesScanpyOrder
  params:
    order:
    - min_counts
    - min_cells
    - max_counts
    - max_cells
    min_counts: 0.01
    max_counts: 0.99
    min_cells: 0.01
    max_cells: 0.99
- type: normalize
  target: ScTransform
  params:
    processes_num: 8
- type: filter.gene
  target: FilterGenesRegression
  params:
    num_genes: 3000
- type: feature.cell
  target: SCNFeature
- type: misc
  target: SetConfig
  params:
    config_dict:
      feature_channel: SCNFeature
      label_channel: cell_type
",0.65
71be997d-ff75-41b9-8a9f-1288c865f921(Lung),,,,,,,,"step2:https://wandb.ai/xzy11632/dance-dev/sweeps/tmb6nbhs|step3:https://wandb.ai/xzy11632/dance-dev/sweeps/h0xwzuin,https://wandb.ai/xzy11632/dance-dev/sweeps/3xl8m5ai,https://wandb.ai/xzy11632/dance-dev/sweeps/a6q7uf5a","- type: filter.gene
  target: FilterGenesPercentile
  params:
    min_val: 7
    max_val: 99
    mode: var
- type: normalize
  target: NormalizeTotal
  params:
    target_sum: 1000000
    max_fraction: 0.05
- type: filter.gene
  target: HighlyVariableGenesRawCount
  params:
    n_top_genes: 9586
    span: 0.4808965576925112
- type: feature.cell
  target: SCNFeature
- type: misc
  target: SetConfig
  params:
    config_dict:
      feature_channel: SCNFeature
      label_channel: cell_type
",0.4393939393939394,all_total_runs:150|all_finished_runs:129|step2_total_runs:90|step2_finished_runs:75|step3_0_total_runs:20|step3_0_finished_runs:17|step3_1_total_runs:20|step3_1_finished_runs:17|step3_2_total_runs:20|step3_2_finished_runs:20|finished_rate:86.00%,False,"- type: filter.gene
  target: FilterGenesScanpyOrder
  params:
    order:
    - min_counts
    - min_cells
    - max_counts
    - max_cells
    min_counts: 0.01
    max_counts: 0.99
    min_cells: 0.01
    max_cells: 0.99
- type: normalize
  target: NormalizeTotal
  params: {}
- type: filter.gene
  target: HighlyVariableGenesRawCount
  params:
    n_top_genes: 3000
- type: feature.cell
  target: SCNFeature
- type: misc
  target: SetConfig
  params:
    config_dict:
      feature_channel: SCNFeature
      label_channel: cell_type
",0.42424242424242425
